{
  "admin_4": [
    {
      "area_id": "ben_4_1",
      "name": "Ou\u00e8d\u00e8m\u00e8",
      "dhis2_id": "BtSE2wNU8VA"
    },
    {
      "area_id": "ben_4_2",
      "name": "Ou\u00e8d\u00e8m\u00e8-Adja",
      "dhis2_id": "hjx5FF1BBMG"
    },
    {
      "area_id": "ben_4_3",
      "name": "Ou\u00e9do",
      "dhis2_id": "RnJ9xuLbBUT"
    },
    {
      "area_id": "ben_4_4",
      "name": "Birni",
      "dhis2_id": "Mlt4gZZA7Mr"
    },
    {
      "area_id": "ben_4_5",
      "name": "Pabegou",
      "dhis2_id": "jq9skDornVb"
    },
    {
      "area_id": "ben_4_6",
      "name": "Outo",
      "dhis2_id": "p7AFdPrJeDD"
    },
    {
      "area_id": "ben_4_7",
      "name": "Pahou",
      "dhis2_id": "PK6RQmmBTeC"
    },
    {
      "area_id": "ben_4_8",
      "name": "Paouingnan",
      "dhis2_id": "Bas44dx7FpT"
    },
    {
      "area_id": "ben_4_9",
      "name": "Djegbe",
      "dhis2_id": "ksKEI5EiFj8"
    },
    {
      "area_id": "ben_4_10",
      "name": "Partago",
      "dhis2_id": "IIDerOpfVTU"
    },
    {
      "area_id": "ben_4_11",
      "name": "Gangban",
      "dhis2_id": "ExbRTcZ21aJ"
    },
    {
      "area_id": "ben_4_12",
      "name": "Oussaho",
      "dhis2_id": "hbRf51OSgje"
    },
    {
      "area_id": "ben_4_13",
      "name": "Garou",
      "dhis2_id": "rrTlFj0NLvs"
    },
    {
      "area_id": "ben_4_14",
      "name": "Ganvie 1",
      "dhis2_id": "Si9Aq74znsT"
    },
    {
      "area_id": "ben_4_15",
      "name": "Dohouime",
      "dhis2_id": "wX2JKqgcKuE"
    },
    {
      "area_id": "ben_4_16",
      "name": "Ouidah I",
      "dhis2_id": "ycEo4kpgiL3"
    },
    {
      "area_id": "ben_4_17",
      "name": "Ouidah II",
      "dhis2_id": "XIacj3Ch59K"
    },
    {
      "area_id": "ben_4_18",
      "name": "Ouidah III",
      "dhis2_id": "i86u2oZdCVy"
    },
    {
      "area_id": "ben_4_19",
      "name": "Tapoga",
      "dhis2_id": "fJosyNdPVTf"
    },
    {
      "area_id": "ben_4_20",
      "name": "Ouidah IV",
      "dhis2_id": "O5iNbkrpT7p"
    },
    {
      "area_id": "ben_4_21",
      "name": "Djougou III",
      "dhis2_id": "wDvNsgz0Z86"
    },
    {
      "area_id": "ben_4_22",
      "name": "Ahoyeye",
      "dhis2_id": "sf9kJuHX9WX"
    },
    {
      "area_id": "ben_4_23",
      "name": "Ouinhi (Ar)",
      "dhis2_id": "eFO9br3ayJv"
    },
    {
      "area_id": "ben_4_24",
      "name": "Gbaffo",
      "dhis2_id": "KwphQQWNinC"
    },
    {
      "area_id": "ben_4_25",
      "name": "Oumako",
      "dhis2_id": "LSDj6nDsaAt"
    },
    {
      "area_id": "ben_4_26",
      "name": "Vakon",
      "dhis2_id": "RNpMbYjN7Xt"
    },
    {
      "area_id": "ben_4_27",
      "name": "Ounet",
      "dhis2_id": "z9HerSKhZPv"
    },
    {
      "area_id": "ben_4_28",
      "name": "Oungbegame",
      "dhis2_id": "AjZlKkKzC2Z"
    },
    {
      "area_id": "ben_4_29",
      "name": "Passagon",
      "dhis2_id": "DoNEzIIwmNx"
    },
    {
      "area_id": "ben_4_30",
      "name": "Ganvie 2",
      "dhis2_id": "pY6Jzfe32qa"
    },
    {
      "area_id": "ben_4_31",
      "name": "Tatonnoukon",
      "dhis2_id": "yAUY7G8JmnX"
    },
    {
      "area_id": "ben_4_32",
      "name": "Gamia",
      "dhis2_id": "bEPW2hegCJB"
    },
    {
      "area_id": "ben_4_33",
      "name": "Gakpe",
      "dhis2_id": "hvONWNWODcS"
    },
    {
      "area_id": "ben_4_34",
      "name": "Tanw\u00e9-Hessou",
      "dhis2_id": "MD1BLwF2BJJ"
    },
    {
      "area_id": "ben_4_35",
      "name": "Sinwe-Kpota",
      "dhis2_id": "TPSX5hmT1Ca"
    },
    {
      "area_id": "ben_4_36",
      "name": "Sinwe-Lego",
      "dhis2_id": "M4CA6oJiXDr"
    },
    {
      "area_id": "ben_4_37",
      "name": "Sirarou",
      "dhis2_id": "rKP0ZFXwCgX"
    },
    {
      "area_id": "ben_4_38",
      "name": "Besse",
      "dhis2_id": "lhw9fnU2ctq"
    },
    {
      "area_id": "ben_4_39",
      "name": "Toura",
      "dhis2_id": "nyamjyxX85j"
    },
    {
      "area_id": "ben_4_40",
      "name": "Akpadanou",
      "dhis2_id": "V8MYkI7jMSE"
    },
    {
      "area_id": "ben_4_41",
      "name": "Beterou",
      "dhis2_id": "CFVQ0FCdHRj"
    },
    {
      "area_id": "ben_4_42",
      "name": "Fo-Tance",
      "dhis2_id": "qH85U3wcdpf"
    },
    {
      "area_id": "ben_4_43",
      "name": "Daagbe",
      "dhis2_id": "VkaXtAdn9Ns"
    },
    {
      "area_id": "ben_4_44",
      "name": "Setto",
      "dhis2_id": "PMNFG856S5N"
    },
    {
      "area_id": "ben_4_45",
      "name": "Athi\u00e9m\u00e9 (Ar)",
      "dhis2_id": "RLbunxEYF0o"
    },
    {
      "area_id": "ben_4_46",
      "name": "Bensekou",
      "dhis2_id": "UmcvDiGQ9QW"
    },
    {
      "area_id": "ben_4_47",
      "name": "Djegbadji",
      "dhis2_id": "bg6C2WcpZbB"
    },
    {
      "area_id": "ben_4_48",
      "name": "Serekali",
      "dhis2_id": "DQPqrZ8BGMY"
    },
    {
      "area_id": "ben_4_49",
      "name": "Beroubouay",
      "dhis2_id": "lD01QR50LID"
    },
    {
      "area_id": "ben_4_50",
      "name": "Akofodjoul\u00e9",
      "dhis2_id": "DvZXQry0Gng"
    },
    {
      "area_id": "ben_4_51",
      "name": "Akod\u00e9ha",
      "dhis2_id": "Qfu1SqiCuwX"
    },
    {
      "area_id": "ben_4_52",
      "name": "Toviklin (Ar)",
      "dhis2_id": "BfzZmzqDOvN"
    },
    {
      "area_id": "ben_4_53",
      "name": "Tr\u00e9",
      "dhis2_id": "JkYug3bC7nr"
    },
    {
      "area_id": "ben_4_54",
      "name": "Peonga",
      "dhis2_id": "v11ecyd8nqu"
    },
    {
      "area_id": "ben_4_55",
      "name": "Perma",
      "dhis2_id": "q9fweRVkvnB"
    },
    {
      "area_id": "ben_4_56",
      "name": "F\u00f4-Boure",
      "dhis2_id": "tUu2WiJ6fzj"
    },
    {
      "area_id": "ben_4_57",
      "name": "Sinende (Ar)",
      "dhis2_id": "NgGtM2tfaCt"
    },
    {
      "area_id": "ben_4_58",
      "name": "Djegbe",
      "dhis2_id": "UjZAMDIVnTL"
    },
    {
      "area_id": "ben_4_59",
      "name": "Founougo",
      "dhis2_id": "Cck5fkmDORw"
    },
    {
      "area_id": "ben_4_60",
      "name": "Cana II",
      "dhis2_id": "Yh687pbCz1b"
    },
    {
      "area_id": "ben_4_61",
      "name": "Akassato",
      "dhis2_id": "kkmKCVAB5ie"
    },
    {
      "area_id": "ben_4_62",
      "name": "Cana I",
      "dhis2_id": "I6dr67FzcMB"
    },
    {
      "area_id": "ben_4_63",
      "name": "Singre",
      "dhis2_id": "MmjfcWR0fYs"
    },
    {
      "area_id": "ben_4_64",
      "name": "Towe",
      "dhis2_id": "AzXIcCJXtqX"
    },
    {
      "area_id": "ben_4_65",
      "name": "Akiza",
      "dhis2_id": "jELCUQ08b5C"
    },
    {
      "area_id": "ben_4_66",
      "name": "Aklampa",
      "dhis2_id": "ZICsXxOkhMd"
    },
    {
      "area_id": "ben_4_67",
      "name": "Tanv\u00e8",
      "dhis2_id": "LVmnBLZHcb6"
    },
    {
      "area_id": "ben_4_68",
      "name": "Pehunco (Ar)",
      "dhis2_id": "eN9GMajSHxP"
    },
    {
      "area_id": "ben_4_69",
      "name": "Atokolibe",
      "dhis2_id": "GO8fQppZHFn"
    },
    {
      "area_id": "ben_4_70",
      "name": "Bagou",
      "dhis2_id": "xLnvPujjUq5"
    },
    {
      "area_id": "ben_4_71",
      "name": "Vekky",
      "dhis2_id": "T9VSdPLfqOK"
    },
    {
      "area_id": "ben_4_72",
      "name": "Natitingou III",
      "dhis2_id": "ze1kft8pRB1"
    },
    {
      "area_id": "ben_4_73",
      "name": "Natitingou IV",
      "dhis2_id": "c07eXL51vGK"
    },
    {
      "area_id": "ben_4_74",
      "name": "Possotom\u00e8",
      "dhis2_id": "JpwCXZxsrPz"
    },
    {
      "area_id": "ben_4_75",
      "name": "Avrankou (Ar)",
      "dhis2_id": "thLCQ81J5I8"
    },
    {
      "area_id": "ben_4_76",
      "name": "Aguidi",
      "dhis2_id": "SUt1lHgbW6c"
    },
    {
      "area_id": "ben_4_77",
      "name": "Natta",
      "dhis2_id": "cNTCZ13rlAH"
    },
    {
      "area_id": "ben_4_78",
      "name": "Gnidjazoun",
      "dhis2_id": "cBNpVXKoAtw"
    },
    {
      "area_id": "ben_4_79",
      "name": "Gnemasson",
      "dhis2_id": "XNOyxJFoSrP"
    },
    {
      "area_id": "ben_4_80",
      "name": "Nikki (Ar)",
      "dhis2_id": "E2tRpOrUmLi"
    },
    {
      "area_id": "ben_4_81",
      "name": "Djeregbe",
      "dhis2_id": "xt4mrmPPIrg"
    },
    {
      "area_id": "ben_4_82",
      "name": "Dodji Bata",
      "dhis2_id": "zuJQlkCqhbB"
    },
    {
      "area_id": "ben_4_83",
      "name": "Nodi",
      "dhis2_id": "B2iNTnmqw13"
    },
    {
      "area_id": "ben_4_84",
      "name": "Soroko",
      "dhis2_id": "b7Ndff7EFef"
    },
    {
      "area_id": "ben_4_85",
      "name": "Glo-Djigb\u00e9",
      "dhis2_id": "ehyOAqkDzTE"
    },
    {
      "area_id": "ben_4_86",
      "name": "Tchoumi-Tchoumi",
      "dhis2_id": "LeiScBD6gzu"
    },
    {
      "area_id": "ben_4_87",
      "name": "Tasso",
      "dhis2_id": "rIRH4TmaOgd"
    },
    {
      "area_id": "ben_4_88",
      "name": "Ayomi",
      "dhis2_id": "jrHyR8YhvxQ"
    },
    {
      "area_id": "ben_4_89",
      "name": "Natitingou II",
      "dhis2_id": "lAobiNpZl04"
    },
    {
      "area_id": "ben_4_90",
      "name": "Ague",
      "dhis2_id": "tb5PVcvMfmG"
    },
    {
      "area_id": "ben_4_91",
      "name": "Attogon",
      "dhis2_id": "DTK0VsHfrUm"
    },
    {
      "area_id": "ben_4_92",
      "name": "Tchaourou (Ar)",
      "dhis2_id": "lWCIgWak6as"
    },
    {
      "area_id": "ben_4_93",
      "name": "Doko",
      "dhis2_id": "FoFjCSpFuDw"
    },
    {
      "area_id": "ben_4_94",
      "name": "Agoue",
      "dhis2_id": "GayZChnv28G"
    },
    {
      "area_id": "ben_4_95",
      "name": "Gogounou (Ar)",
      "dhis2_id": "BMUnOdWvm1U"
    },
    {
      "area_id": "ben_4_96",
      "name": "Godomey",
      "dhis2_id": "TivkHSwls4l"
    },
    {
      "area_id": "ben_4_97",
      "name": "Godohou",
      "dhis2_id": "erGILMUylAc"
    },
    {
      "area_id": "ben_4_98",
      "name": "Gobe",
      "dhis2_id": "BUeV0wrVtGe"
    },
    {
      "area_id": "ben_4_99",
      "name": "Agouna",
      "dhis2_id": "HiPfs8fQevF"
    },
    {
      "area_id": "ben_4_100",
      "name": "Gobada",
      "dhis2_id": "laQtDaPOqy0"
    },
    {
      "area_id": "ben_4_101",
      "name": "Naogon",
      "dhis2_id": "FZbPP9kAVXF"
    },
    {
      "area_id": "ben_4_102",
      "name": "Djidja",
      "dhis2_id": "NKeIXe46iZ5"
    },
    {
      "area_id": "ben_4_103",
      "name": "Gnonkourokali",
      "dhis2_id": "HikoV5uttqU"
    },
    {
      "area_id": "ben_4_104",
      "name": "Gnizounm\u00e8",
      "dhis2_id": "VrAvznX6GNb"
    },
    {
      "area_id": "ben_4_105",
      "name": "Gninsy",
      "dhis2_id": "TEIQBzHltlj"
    },
    {
      "area_id": "ben_4_106",
      "name": "Natitingou I",
      "dhis2_id": "IcHqEUh30rn"
    },
    {
      "area_id": "ben_4_107",
      "name": "Gb\u00e9hou\u00e9",
      "dhis2_id": "aKUsY34Ihyk"
    },
    {
      "area_id": "ben_4_108",
      "name": "Odometa",
      "dhis2_id": "RpMYceG7g9Q"
    },
    {
      "area_id": "ben_4_109",
      "name": "Gbozounme",
      "dhis2_id": "Hq6BaXvg6JQ"
    },
    {
      "area_id": "ben_4_110",
      "name": "Ouake (Ar)",
      "dhis2_id": "yM5M05xZKj1"
    },
    {
      "area_id": "ben_4_111",
      "name": "Ayou",
      "dhis2_id": "WNNoDOeIJXt"
    },
    {
      "area_id": "ben_4_112",
      "name": "Ouakp\u00e8-Daho",
      "dhis2_id": "il4wP0CltSH"
    },
    {
      "area_id": "ben_4_113",
      "name": "Ouanho",
      "dhis2_id": "VDgSrE9VX8I"
    },
    {
      "area_id": "ben_4_114",
      "name": "Gbecon-Hounli",
      "dhis2_id": "lMUb7ubqqez"
    },
    {
      "area_id": "ben_4_115",
      "name": "Ouara",
      "dhis2_id": "ghEI12BkXhQ"
    },
    {
      "area_id": "ben_4_116",
      "name": "Ouedeme",
      "dhis2_id": "rXtnHyRn0JC"
    },
    {
      "area_id": "ben_4_117",
      "name": "Vidole",
      "dhis2_id": "RlAMjsOqAPV"
    },
    {
      "area_id": "ben_4_118",
      "name": "Avogbanna",
      "dhis2_id": "WFM0YuSwN9N"
    },
    {
      "area_id": "ben_4_119",
      "name": "Gbanlin",
      "dhis2_id": "z4UlIZcFKd5"
    },
    {
      "area_id": "ben_4_120",
      "name": "Ouenou",
      "dhis2_id": "Uvb1tvJgEWU"
    },
    {
      "area_id": "ben_4_121",
      "name": "Ouenou",
      "dhis2_id": "zMzwMJ3b6Lk"
    },
    {
      "area_id": "ben_4_122",
      "name": "Ouesse",
      "dhis2_id": "OpHYRs90P1v"
    },
    {
      "area_id": "ben_4_123",
      "name": "Ouesse (Ar)",
      "dhis2_id": "e0n34A2CC7Y"
    },
    {
      "area_id": "ben_4_124",
      "name": "Avloh",
      "dhis2_id": "jSJ7z0w6mIw"
    },
    {
      "area_id": "ben_4_125",
      "name": "Ottola",
      "dhis2_id": "ddBDDQrXZuR"
    },
    {
      "area_id": "ben_4_126",
      "name": "Oroukayo",
      "dhis2_id": "ZE6JOsR9tk1"
    },
    {
      "area_id": "ben_4_127",
      "name": "Onklou",
      "dhis2_id": "VG19RxNwHQf"
    },
    {
      "area_id": "ben_4_128",
      "name": "Gbegourou",
      "dhis2_id": "pKPtAbsf9xK"
    },
    {
      "area_id": "ben_4_129",
      "name": "Atomey",
      "dhis2_id": "awXuBwr1jPB"
    },
    {
      "area_id": "ben_4_130",
      "name": "Ahodjinnako (Ar)",
      "dhis2_id": "q1VebKzdCFe"
    },
    {
      "area_id": "ben_4_131",
      "name": "Odougba",
      "dhis2_id": "xOpqHvvGSLd"
    },
    {
      "area_id": "ben_4_132",
      "name": "Ofe",
      "dhis2_id": "Vjd6fuD7seD"
    },
    {
      "area_id": "ben_4_133",
      "name": "Bobe",
      "dhis2_id": "TvH5qPQJA2y"
    },
    {
      "area_id": "ben_4_134",
      "name": "Ahogb\u00e8ya",
      "dhis2_id": "BYMsAleD612"
    },
    {
      "area_id": "ben_4_135",
      "name": "Tchatchou",
      "dhis2_id": "USczux3OEkw"
    },
    {
      "area_id": "ben_4_136",
      "name": "Ahouannonzoun",
      "dhis2_id": "mi32IuV69xZ"
    },
    {
      "area_id": "ben_4_137",
      "name": "Oko-Akar\u00e8",
      "dhis2_id": "jT4noD59kew"
    },
    {
      "area_id": "ben_4_138",
      "name": "Okpometa",
      "dhis2_id": "HCkiQawMeQa"
    },
    {
      "area_id": "ben_4_139",
      "name": "Aholouyeme",
      "dhis2_id": "CLtHuvXE7QR"
    },
    {
      "area_id": "ben_4_140",
      "name": "Ahomadegb\u00e9",
      "dhis2_id": "RHBI8WzM4Qs"
    },
    {
      "area_id": "ben_4_141",
      "name": "Gbeko",
      "dhis2_id": "I3VZHG1maVz"
    },
    {
      "area_id": "ben_4_142",
      "name": "Biro (Arr)",
      "dhis2_id": "D9mI9Iw8hsj"
    },
    {
      "area_id": "ben_4_143",
      "name": "Ahomey-Lokpo",
      "dhis2_id": "xxYncK7kNZi"
    },
    {
      "area_id": "ben_4_144",
      "name": "Birni-Lafia",
      "dhis2_id": "l3ZZzBxrweP"
    },
    {
      "area_id": "ben_4_145",
      "name": "Okpara",
      "dhis2_id": "G9nbtX1xQJM"
    },
    {
      "area_id": "ben_4_146",
      "name": "Gbakpodji",
      "dhis2_id": "d2qTXNsRbea"
    },
    {
      "area_id": "ben_4_147",
      "name": "Firou",
      "dhis2_id": "uYFnga5Jm91"
    },
    {
      "area_id": "ben_4_148",
      "name": "Djougou II",
      "dhis2_id": "dKnkVddpCtx"
    },
    {
      "area_id": "ben_4_149",
      "name": "Sagon",
      "dhis2_id": "R65se2nSGVp"
    },
    {
      "area_id": "ben_4_150",
      "name": "Djigbe",
      "dhis2_id": "hCw3TpRQhjX"
    },
    {
      "area_id": "ben_4_151",
      "name": "Tokpa-Avagoudo",
      "dhis2_id": "FEsgb06oAbK"
    },
    {
      "area_id": "ben_4_152",
      "name": "Dekin",
      "dhis2_id": "GB9cYMVsLRP"
    },
    {
      "area_id": "ben_4_153",
      "name": "Bante (Ar)",
      "dhis2_id": "PI0hwRIaEIm"
    },
    {
      "area_id": "ben_4_154",
      "name": "Tokpa Dome",
      "dhis2_id": "t3qH4hLUPFJ"
    },
    {
      "area_id": "ben_4_155",
      "name": "Deme",
      "dhis2_id": "GTj9V7Zq2Aj"
    },
    {
      "area_id": "ben_4_156",
      "name": "Ekpe",
      "dhis2_id": "OOthUPdnhmx"
    },
    {
      "area_id": "ben_4_157",
      "name": "Sanson",
      "dhis2_id": "YupB3p8xNfA"
    },
    {
      "area_id": "ben_4_158",
      "name": "Al\u00e9djo",
      "dhis2_id": "sn5v4i8cnnY"
    },
    {
      "area_id": "ben_4_159",
      "name": "Tabota",
      "dhis2_id": "qzYeuui6rbG"
    },
    {
      "area_id": "ben_4_160",
      "name": "Derassi",
      "dhis2_id": "NN67TYSPNoI"
    },
    {
      "area_id": "ben_4_161",
      "name": "Detohou",
      "dhis2_id": "eNLMHDy6R5P"
    },
    {
      "area_id": "ben_4_162",
      "name": "Dipoli",
      "dhis2_id": "L8k65U2GU2d"
    },
    {
      "area_id": "ben_4_163",
      "name": "Avakpa",
      "dhis2_id": "njhocjLop2H"
    },
    {
      "area_id": "ben_4_164",
      "name": "S\u00e9rou",
      "dhis2_id": "x8La5M5R3tD"
    },
    {
      "area_id": "ben_4_165",
      "name": "Badazoui",
      "dhis2_id": "txjF2L1zUb3"
    },
    {
      "area_id": "ben_4_166",
      "name": "Dekanme (So-Ava)",
      "dhis2_id": "RgV778Cd624"
    },
    {
      "area_id": "ben_4_167",
      "name": "Savalou -Agbado",
      "dhis2_id": "Ll7NaGI6BJh"
    },
    {
      "area_id": "ben_4_168",
      "name": "Djomon",
      "dhis2_id": "Zc9nB89Nwh3"
    },
    {
      "area_id": "ben_4_169",
      "name": "Avame",
      "dhis2_id": "StkmwNSNrkk"
    },
    {
      "area_id": "ben_4_170",
      "name": "Barienou",
      "dhis2_id": "SRwva6uGxEJ"
    },
    {
      "area_id": "ben_4_171",
      "name": "Azowlisse",
      "dhis2_id": "QIAipcK6FMP"
    },
    {
      "area_id": "ben_4_172",
      "name": "Allahe (Ar)",
      "dhis2_id": "sJx5TWOpKE7"
    },
    {
      "area_id": "ben_4_173",
      "name": "Don-Tan",
      "dhis2_id": "MPttyEGO4TY"
    },
    {
      "area_id": "ben_4_174",
      "name": "Savi",
      "dhis2_id": "XmIqnVoONEl"
    },
    {
      "area_id": "ben_4_175",
      "name": "Save Plateau",
      "dhis2_id": "bCTPiiMkhDW"
    },
    {
      "area_id": "ben_4_176",
      "name": "Tchito",
      "dhis2_id": "QjOLcpENFCh"
    },
    {
      "area_id": "ben_4_177",
      "name": "Saclo",
      "dhis2_id": "eJYh1jMZ5G2"
    },
    {
      "area_id": "ben_4_178",
      "name": "Pira",
      "dhis2_id": "HpO2Hd1GESm"
    },
    {
      "area_id": "ben_4_179",
      "name": "Savalou-Aga",
      "dhis2_id": "WvzCSYDIcSJ"
    },
    {
      "area_id": "ben_4_180",
      "name": "Sado",
      "dhis2_id": "B2SuUP142AO"
    },
    {
      "area_id": "ben_4_181",
      "name": "S\u00e8m\u00e8r\u00e8 II",
      "dhis2_id": "sIfqWwqRQSG"
    },
    {
      "area_id": "ben_4_182",
      "name": "Savalou -Attake",
      "dhis2_id": "K6yxHg8Qh2t"
    },
    {
      "area_id": "ben_4_183",
      "name": "Dekanme (Kpomasse)",
      "dhis2_id": "FJj9SjYnW9J"
    },
    {
      "area_id": "ben_4_184",
      "name": "Dedome",
      "dhis2_id": "Mg4k9DRm8yc"
    },
    {
      "area_id": "ben_4_185",
      "name": "Banikoara (Ar)",
      "dhis2_id": "cMhkLqFJsSj"
    },
    {
      "area_id": "ben_4_186",
      "name": "Donwari",
      "dhis2_id": "NaHwHVB674M"
    },
    {
      "area_id": "ben_4_187",
      "name": "Tamp\u00e9gr\u00e9",
      "dhis2_id": "vfhpnCRO44c"
    },
    {
      "area_id": "ben_4_188",
      "name": "Aplahou\u00e9 (Ar)",
      "dhis2_id": "vi9oLybuGad"
    },
    {
      "area_id": "ben_4_189",
      "name": "Tanguieta (Ar)",
      "dhis2_id": "P4EsJpMObdc"
    },
    {
      "area_id": "ben_4_190",
      "name": "Avagbodji",
      "dhis2_id": "qWEUMtJ8UXT"
    },
    {
      "area_id": "ben_4_191",
      "name": "Dovi-Centre",
      "dhis2_id": "TbJDQ5BtAi1"
    },
    {
      "area_id": "ben_4_192",
      "name": "Togba",
      "dhis2_id": "Srh4ft1nmdG"
    },
    {
      "area_id": "ben_4_193",
      "name": "Doutou",
      "dhis2_id": "OwzOzlDLbxW"
    },
    {
      "area_id": "ben_4_194",
      "name": "Toffo Ague",
      "dhis2_id": "ss7kUoSD9a3"
    },
    {
      "area_id": "ben_4_195",
      "name": "Tobre",
      "dhis2_id": "UwQmeb0Yf96"
    },
    {
      "area_id": "ben_4_196",
      "name": "Sakin",
      "dhis2_id": "K7aywmIrMzU"
    },
    {
      "area_id": "ben_4_197",
      "name": "Sakete II",
      "dhis2_id": "xbvqZqhvoAs"
    },
    {
      "area_id": "ben_4_198",
      "name": "Sakete I",
      "dhis2_id": "zfLvOO7gbZ8"
    },
    {
      "area_id": "ben_4_199",
      "name": "Assante",
      "dhis2_id": "GdaxzktS3WJ"
    },
    {
      "area_id": "ben_4_200",
      "name": "Doume",
      "dhis2_id": "VTbJTMbefaF"
    },
    {
      "area_id": "ben_4_201",
      "name": "Assalin",
      "dhis2_id": "foPVRoVvfnn"
    },
    {
      "area_id": "ben_4_202",
      "name": "Togbota",
      "dhis2_id": "VCZEGn5edSE"
    },
    {
      "area_id": "ben_4_203",
      "name": "Sam",
      "dhis2_id": "csECjzGkJng"
    },
    {
      "area_id": "ben_4_204",
      "name": "Togoudo",
      "dhis2_id": "vaCg9PwEA0B"
    },
    {
      "area_id": "ben_4_205",
      "name": "Pob\u00e8 (Ar)",
      "dhis2_id": "ajqzD54uzrS"
    },
    {
      "area_id": "ben_4_206",
      "name": "Taiakou",
      "dhis2_id": "DUCf49MMV6E"
    },
    {
      "area_id": "ben_4_207",
      "name": "Banigb\u00e9",
      "dhis2_id": "nWZDEnBTVKr"
    },
    {
      "area_id": "ben_4_208",
      "name": "Banigbe (Ifangni)",
      "dhis2_id": "sqh3o5DgTwY"
    },
    {
      "area_id": "ben_4_209",
      "name": "Takon",
      "dhis2_id": "FM6j0RnG1iR"
    },
    {
      "area_id": "ben_4_210",
      "name": "Anandama",
      "dhis2_id": "kiLbPQPf8Id"
    },
    {
      "area_id": "ben_4_211",
      "name": "Sahe",
      "dhis2_id": "E3ijz7Y67l4"
    },
    {
      "area_id": "ben_4_212",
      "name": "D\u00e9v\u00e8",
      "dhis2_id": "vZ35lnb1OdV"
    },
    {
      "area_id": "ben_4_213",
      "name": "Tohoues",
      "dhis2_id": "aRxEwAlNtu8"
    },
    {
      "area_id": "ben_4_214",
      "name": "Tohoue",
      "dhis2_id": "XHldXo1gynP"
    },
    {
      "area_id": "ben_4_215",
      "name": "D\u00e9kpo",
      "dhis2_id": "f994BV6B0Xj"
    },
    {
      "area_id": "ben_4_216",
      "name": "Tohou",
      "dhis2_id": "iJMpeKpyiuW"
    },
    {
      "area_id": "ben_4_217",
      "name": "D\u00e9d\u00e9kpo\u00e9",
      "dhis2_id": "OsQILLpIbe4"
    },
    {
      "area_id": "ben_4_218",
      "name": "Baname",
      "dhis2_id": "SaaVgfO8CRN"
    },
    {
      "area_id": "ben_4_219",
      "name": "Badjoude",
      "dhis2_id": "nG2FPRysqIe"
    },
    {
      "area_id": "ben_4_220",
      "name": "Angaradebou",
      "dhis2_id": "JKowCETnEhP"
    },
    {
      "area_id": "ben_4_221",
      "name": "Dunkassa",
      "dhis2_id": "ELUrybaCTfE"
    },
    {
      "area_id": "ben_4_222",
      "name": "Dah\u00e8",
      "dhis2_id": "EYYiGZjuXcy"
    },
    {
      "area_id": "ben_4_223",
      "name": "Azov\u00e8",
      "dhis2_id": "OwMsN67x0nD"
    },
    {
      "area_id": "ben_4_224",
      "name": "Saah",
      "dhis2_id": "JanidvNvmTE"
    },
    {
      "area_id": "ben_4_225",
      "name": "Sekere",
      "dhis2_id": "Mtbl9zcUVzW"
    },
    {
      "area_id": "ben_4_226",
      "name": "P\u00e9l\u00e9bina",
      "dhis2_id": "GjDNE6509ZI"
    },
    {
      "area_id": "ben_4_227",
      "name": "Dangbo (Ar)",
      "dhis2_id": "S3HW0MCrZlv"
    },
    {
      "area_id": "ben_4_228",
      "name": "Totchangni",
      "dhis2_id": "YQu5oA956Pu"
    },
    {
      "area_id": "ben_4_229",
      "name": "P\u00e9n\u00e9ssoulou",
      "dhis2_id": "D6tALi36Bgy"
    },
    {
      "area_id": "ben_4_230",
      "name": "Akpro-Misserete (Ar)",
      "dhis2_id": "dmPSasgFeLv"
    },
    {
      "area_id": "ben_4_231",
      "name": "Djanglanmey",
      "dhis2_id": "FXMeZwHQ6Br"
    },
    {
      "area_id": "ben_4_232",
      "name": "Atchonsa",
      "dhis2_id": "wgk08QTJkf8"
    },
    {
      "area_id": "ben_4_233",
      "name": "Dome",
      "dhis2_id": "zvqbd4FShgp"
    },
    {
      "area_id": "ben_4_234",
      "name": "Awonou",
      "dhis2_id": "tDDUuuG1nz9"
    },
    {
      "area_id": "ben_4_235",
      "name": "Sehoun",
      "dhis2_id": "MrzvsXtJblz"
    },
    {
      "area_id": "ben_4_236",
      "name": "Sehoue",
      "dhis2_id": "JUcqSkI6CVm"
    },
    {
      "area_id": "ben_4_237",
      "name": "Segbohoue",
      "dhis2_id": "zPsWuuY5qtn"
    },
    {
      "area_id": "ben_4_238",
      "name": "Segbeya",
      "dhis2_id": "Vuu0pB3U5nd"
    },
    {
      "area_id": "ben_4_239",
      "name": "Alafiarou",
      "dhis2_id": "gQFkwnAcOEW"
    },
    {
      "area_id": "ben_4_240",
      "name": "Dan",
      "dhis2_id": "AgcZqb3vsvm"
    },
    {
      "area_id": "ben_4_241",
      "name": "Segbana (Ar)",
      "dhis2_id": "B2Sirulw4gW"
    },
    {
      "area_id": "ben_4_242",
      "name": "Dame-Wogon",
      "dhis2_id": "xQIbFV53Bby"
    },
    {
      "area_id": "ben_4_243",
      "name": "Atchoukpa",
      "dhis2_id": "ZTvD2pVM8CH"
    },
    {
      "area_id": "ben_4_244",
      "name": "Tant\u00e9ga",
      "dhis2_id": "jTYMtw1bLEm"
    },
    {
      "area_id": "ben_4_245",
      "name": "Tangbo Djevie",
      "dhis2_id": "x3ygYGOhbld"
    },
    {
      "area_id": "ben_4_246",
      "name": "Semere-I",
      "dhis2_id": "sFjsPb0msJP"
    },
    {
      "area_id": "ben_4_247",
      "name": "Avlekete",
      "dhis2_id": "BPp3u0MnwYI"
    },
    {
      "area_id": "ben_4_248",
      "name": "P\u00e8r\u00e8r\u00e8 (Ar)",
      "dhis2_id": "ceS46EwWCYe"
    },
    {
      "area_id": "ben_4_249",
      "name": "Azohoue Aliho",
      "dhis2_id": "J6ShKDud6NA"
    },
    {
      "area_id": "ben_4_250",
      "name": "Toui",
      "dhis2_id": "esq9q2JmqNX"
    },
    {
      "area_id": "ben_4_251",
      "name": "Bembereke (Ar)",
      "dhis2_id": "BFT1QNxemtJ"
    },
    {
      "area_id": "ben_4_252",
      "name": "Akpassi",
      "dhis2_id": "TCvafAmZ2bW"
    },
    {
      "area_id": "ben_4_253",
      "name": "Azohoue Cada",
      "dhis2_id": "XMhWhEjBrfA"
    },
    {
      "area_id": "ben_4_254",
      "name": "Tchaada",
      "dhis2_id": "jvACC09hrzS"
    },
    {
      "area_id": "ben_4_255",
      "name": "Seme-Kpodji (Ar)",
      "dhis2_id": "HKYyyJEYlTU"
    },
    {
      "area_id": "ben_4_256",
      "name": "Bellefoungou",
      "dhis2_id": "eXoRolfBmrb"
    },
    {
      "area_id": "ben_4_257",
      "name": "Toucountouna",
      "dhis2_id": "QYMGCbhQJwb"
    },
    {
      "area_id": "ben_4_258",
      "name": "Dame",
      "dhis2_id": "xQY9Gb1dSCw"
    },
    {
      "area_id": "ben_4_259",
      "name": "Sekou",
      "dhis2_id": "l6PacORqk8S"
    },
    {
      "area_id": "ben_4_260",
      "name": "Daw\u00e9",
      "dhis2_id": "SFk6vtT0XTT"
    },
    {
      "area_id": "ben_4_261",
      "name": "Djanglanme Togou",
      "dhis2_id": "AhdjHfIX5KK"
    },
    {
      "area_id": "ben_4_262",
      "name": "Djalloukou",
      "dhis2_id": "GkXh50cHurY"
    },
    {
      "area_id": "ben_4_263",
      "name": "Djotto",
      "dhis2_id": "iuLx4nGECu2"
    },
    {
      "area_id": "ben_4_264",
      "name": "Tchikp\u00e8",
      "dhis2_id": "QjrdAv9rlg3"
    },
    {
      "area_id": "ben_4_265",
      "name": "Tomboutou",
      "dhis2_id": "jZydWopPv2b"
    },
    {
      "area_id": "ben_4_266",
      "name": "Djakotomey I",
      "dhis2_id": "oIKnE0HnMTA"
    },
    {
      "area_id": "ben_4_267",
      "name": "Bassila (Ar)",
      "dhis2_id": "TQz4zrDWqXV"
    },
    {
      "area_id": "ben_4_268",
      "name": "Avedjin",
      "dhis2_id": "zT4QUsF21vz"
    },
    {
      "area_id": "ben_4_269",
      "name": "Suya",
      "dhis2_id": "sbhUuxswM14"
    },
    {
      "area_id": "ben_4_270",
      "name": "Tchalinga (Arr)",
      "dhis2_id": "lYTunNwes5Z"
    },
    {
      "area_id": "ben_4_271",
      "name": "Se",
      "dhis2_id": "nnXsCyWHgFs"
    },
    {
      "area_id": "ben_4_272",
      "name": "Thio",
      "dhis2_id": "oF1hDto1B2f"
    },
    {
      "area_id": "ben_4_273",
      "name": "Sazu\u00e9",
      "dhis2_id": "wRgT3ITxgRr"
    },
    {
      "area_id": "ben_4_274",
      "name": "Allada (Ar)",
      "dhis2_id": "xALizw3NvId"
    },
    {
      "area_id": "ben_4_275",
      "name": "Dogbo (Ar)",
      "dhis2_id": "B40hOALsiFW"
    },
    {
      "area_id": "ben_4_276",
      "name": "Bar\u00e8i",
      "dhis2_id": "Jc234OYdq2O"
    },
    {
      "area_id": "ben_4_277",
      "name": "S\u00e8",
      "dhis2_id": "a0SuiXsOCTw"
    },
    {
      "area_id": "ben_4_278",
      "name": "Gohomey",
      "dhis2_id": "s5CC43i3TLQ"
    },
    {
      "area_id": "ben_4_279",
      "name": "Avlame",
      "dhis2_id": "xF44h2BBEii"
    },
    {
      "area_id": "ben_4_280",
      "name": "Datori",
      "dhis2_id": "dLZ20phVWWY"
    },
    {
      "area_id": "ben_4_281",
      "name": "Dassari",
      "dhis2_id": "DvdZJDJ8yJQ"
    },
    {
      "area_id": "ben_4_282",
      "name": "Sedje-Houegoudo",
      "dhis2_id": "L5XuDTlKfZf"
    },
    {
      "area_id": "ben_4_283",
      "name": "Tanongou",
      "dhis2_id": "zu1Jv1XgB2T"
    },
    {
      "area_id": "ben_4_284",
      "name": "Atchannou",
      "dhis2_id": "pNhdl3hvI9d"
    },
    {
      "area_id": "ben_4_285",
      "name": "Djakotomey II",
      "dhis2_id": "cAhsrZ9Q88P"
    },
    {
      "area_id": "ben_4_286",
      "name": "Tori Gare",
      "dhis2_id": "XtYh4LMhhTi"
    },
    {
      "area_id": "ben_4_287",
      "name": "Tchetti",
      "dhis2_id": "yL81XuqdzVh"
    },
    {
      "area_id": "ben_4_288",
      "name": "Dassa I",
      "dhis2_id": "QE6gdzWmqMU"
    },
    {
      "area_id": "ben_4_289",
      "name": "Tori Cada",
      "dhis2_id": "tDzRRl67GYc"
    },
    {
      "area_id": "ben_4_290",
      "name": "Tannou-Gola",
      "dhis2_id": "mLU1PV6qGja"
    },
    {
      "area_id": "ben_4_291",
      "name": "Dassa II",
      "dhis2_id": "m1SSYnAcTj8"
    },
    {
      "area_id": "ben_4_292",
      "name": "Tchanhoun-Cossi",
      "dhis2_id": "DXltym5vSPG"
    },
    {
      "area_id": "ben_4_293",
      "name": "Ayahohoue",
      "dhis2_id": "aL4jMtMJvkX"
    },
    {
      "area_id": "ben_4_294",
      "name": "Sedje Denou",
      "dhis2_id": "wcHYwwa1NSP"
    },
    {
      "area_id": "ben_4_295",
      "name": "Basso",
      "dhis2_id": "OnkzGhWwEAC"
    },
    {
      "area_id": "ben_4_296",
      "name": "Tori Bossito",
      "dhis2_id": "bJBo35KUMGn"
    },
    {
      "area_id": "ben_4_297",
      "name": "Dasso",
      "dhis2_id": "N3c80KqXTpV"
    },
    {
      "area_id": "ben_4_298",
      "name": "Agoua",
      "dhis2_id": "SmN3TPZf4Bu"
    },
    {
      "area_id": "ben_4_299",
      "name": "Glazoue (Ar)",
      "dhis2_id": "HO5tvXfZ1DD"
    },
    {
      "area_id": "ben_4_300",
      "name": "Gome",
      "dhis2_id": "n6N381S7Lk9"
    },
    {
      "area_id": "ben_4_301",
      "name": "Adjido",
      "dhis2_id": "IINneewAtp1"
    },
    {
      "area_id": "ben_4_302",
      "name": "Lanta",
      "dhis2_id": "TWAXr8jcFph"
    },
    {
      "area_id": "ben_4_303",
      "name": "H\u00e8kanm\u00e8 ",
      "dhis2_id": "iaK9jwnYAEk"
    },
    {
      "area_id": "ben_4_304",
      "name": "Adjintimey",
      "dhis2_id": "lqoY1zfwJPo"
    },
    {
      "area_id": "ben_4_305",
      "name": "Boukoumbe (Ar)",
      "dhis2_id": "An6d9zt11LM"
    },
    {
      "area_id": "ben_4_306",
      "name": "Zogbodomey (Ar)",
      "dhis2_id": "TwvwWb8QH8b"
    },
    {
      "area_id": "ben_4_307",
      "name": "Adjohoun (Ar)",
      "dhis2_id": "fhiOBuN3xOP"
    },
    {
      "area_id": "ben_4_308",
      "name": "Colli",
      "dhis2_id": "OqfqcYnvOE5"
    },
    {
      "area_id": "ben_4_309",
      "name": "Zogba",
      "dhis2_id": "s86ee7Bkz6f"
    },
    {
      "area_id": "ben_4_310",
      "name": "Com\u00e8 (Ar)",
      "dhis2_id": "wP4Pj1DVtdJ"
    },
    {
      "area_id": "ben_4_311",
      "name": "Adogb\u00e9",
      "dhis2_id": "mYrVD9lNFTa"
    },
    {
      "area_id": "ben_4_312",
      "name": "Zinvi\u00e9",
      "dhis2_id": "qdw4vmFnKrB"
    },
    {
      "area_id": "ben_4_313",
      "name": "Bougou",
      "dhis2_id": "GEPRdCWFCd3"
    },
    {
      "area_id": "ben_4_314",
      "name": "Adohoun",
      "dhis2_id": "gYv7Us9NxmK"
    },
    {
      "area_id": "ben_4_315",
      "name": "Copargo (Ar)",
      "dhis2_id": "XfctojqUCIj"
    },
    {
      "area_id": "ben_4_316",
      "name": "Cotiakou",
      "dhis2_id": "vkiQWvlTojS"
    },
    {
      "area_id": "ben_4_317",
      "name": "Adoukandji",
      "dhis2_id": "y0arryBCnBn"
    },
    {
      "area_id": "ben_4_318",
      "name": "Hozin",
      "dhis2_id": "ty9Kfg2gMns"
    },
    {
      "area_id": "ben_4_319",
      "name": "Hou\u00eako",
      "dhis2_id": "pNSXH89Egag"
    },
    {
      "area_id": "ben_4_320",
      "name": "Laminou",
      "dhis2_id": "te1fiLIKpz7"
    },
    {
      "area_id": "ben_4_321",
      "name": "Hou\u00e9yogb\u00e9 (Ar)",
      "dhis2_id": "hByMbQdUKYZ"
    },
    {
      "area_id": "ben_4_322",
      "name": "Lalo (Ar)",
      "dhis2_id": "QD5cJIzAhNB"
    },
    {
      "area_id": "ben_4_323",
      "name": "Lainta",
      "dhis2_id": "XQ66nEEt0gn"
    },
    {
      "area_id": "ben_4_324",
      "name": "Zoukou",
      "dhis2_id": "rMCwTi6BUSm"
    },
    {
      "area_id": "ben_4_325",
      "name": "Adjaha",
      "dhis2_id": "PaL16HMezZB"
    },
    {
      "area_id": "ben_4_326",
      "name": "Ina",
      "dhis2_id": "IubZJCVqJcu"
    },
    {
      "area_id": "ben_4_327",
      "name": "Kpome",
      "dhis2_id": "NjfHHPGQAug"
    },
    {
      "area_id": "ben_4_328",
      "name": "Kpoulou",
      "dhis2_id": "Es23CVrJW8p"
    },
    {
      "area_id": "ben_4_329",
      "name": "Adjahonm\u00e8",
      "dhis2_id": "AWXyXFbB51v"
    },
    {
      "area_id": "ben_4_330",
      "name": "Zougou-Pantrossi",
      "dhis2_id": "dOoCW3rxIGh"
    },
    {
      "area_id": "ben_4_331",
      "name": "Ikpinl\u00e8",
      "dhis2_id": "LUolZzuOOZZ"
    },
    {
      "area_id": "ben_4_332",
      "name": "Kpozoun",
      "dhis2_id": "KxFgKLB8jWo"
    },
    {
      "area_id": "ben_4_333",
      "name": "K\u00e9rou (Ar)",
      "dhis2_id": "NHm1fIexZF4"
    },
    {
      "area_id": "ben_4_334",
      "name": "K\u00e9tou (Ar)",
      "dhis2_id": "DKtvs2OtC9Z"
    },
    {
      "area_id": "ben_4_335",
      "name": "Adjan",
      "dhis2_id": "HYawo0k5kWP"
    },
    {
      "area_id": "ben_4_336",
      "name": "Sodohom\u00e8",
      "dhis2_id": "tVtTIcNYs9h"
    },
    {
      "area_id": "ben_4_337",
      "name": "Adjarra1",
      "dhis2_id": "cMPe8LXyiSM"
    },
    {
      "area_id": "ben_4_338",
      "name": "Adjarra2",
      "dhis2_id": "cdgCKaxtM1G"
    },
    {
      "area_id": "ben_4_339",
      "name": "Igana",
      "dhis2_id": "kCD1L1Uix0R"
    },
    {
      "area_id": "ben_4_340",
      "name": "Ifangni",
      "dhis2_id": "bAOAeJ6fsNq"
    },
    {
      "area_id": "ben_4_341",
      "name": "Lagbe",
      "dhis2_id": "oHAr1BRTZfe"
    },
    {
      "area_id": "ben_4_342",
      "name": "Lahotan",
      "dhis2_id": "uony1TzqEe4"
    },
    {
      "area_id": "ben_4_343",
      "name": "Idigny",
      "dhis2_id": "ur06ZsboKj8"
    },
    {
      "area_id": "ben_4_344",
      "name": "Kpomasse (Ar)",
      "dhis2_id": "JbAsZRhIrHc"
    },
    {
      "area_id": "ben_4_345",
      "name": "Hou\u00e9gamey",
      "dhis2_id": "QfkRDpjfcDM"
    },
    {
      "area_id": "ben_4_346",
      "name": "Zeko",
      "dhis2_id": "VyeG6aQN835"
    },
    {
      "area_id": "ben_4_347",
      "name": "Agam\u00e8",
      "dhis2_id": "XXRd197rxrq"
    },
    {
      "area_id": "ben_4_348",
      "name": "Madecali",
      "dhis2_id": "UFGgI8VUIPQ"
    },
    {
      "area_id": "ben_4_349",
      "name": "Aganmalome",
      "dhis2_id": "LbMvMsPNoI0"
    },
    {
      "area_id": "ben_4_350",
      "name": "Zaffe",
      "dhis2_id": "R9qaQVPOJdm"
    },
    {
      "area_id": "ben_4_351",
      "name": "Madjr\u00e8",
      "dhis2_id": "PXXUHmrMXWm"
    },
    {
      "area_id": "ben_4_352",
      "name": "Magoumi",
      "dhis2_id": "qKR0LuZN9lD"
    },
    {
      "area_id": "ben_4_353",
      "name": "Houegbo",
      "dhis2_id": "MVMpFkukj8N"
    },
    {
      "area_id": "ben_4_354",
      "name": "Houedomey (ABD)",
      "dhis2_id": "oZFad6XEQFm"
    },
    {
      "area_id": "ben_4_355",
      "name": "Agatogbo (Arr)",
      "dhis2_id": "Fn356731bBG"
    },
    {
      "area_id": "ben_4_356",
      "name": "Houedome",
      "dhis2_id": "HwqXVLRyYko"
    },
    {
      "area_id": "ben_4_357",
      "name": "Za-Tanta",
      "dhis2_id": "yOJiXsNczDp"
    },
    {
      "area_id": "ben_4_358",
      "name": "Za-Kpota (Ar)",
      "dhis2_id": "iYYqwVuNi2C"
    },
    {
      "area_id": "ben_4_359",
      "name": "Houedo Aguekon",
      "dhis2_id": "UCn5FY46t0U"
    },
    {
      "area_id": "ben_4_360",
      "name": "Malanhoui",
      "dhis2_id": "dc4cIKOkCci"
    },
    {
      "area_id": "ben_4_361",
      "name": "Malanville (Ar)",
      "dhis2_id": "VhnYgVANK8V"
    },
    {
      "area_id": "ben_4_362",
      "name": "Sikki",
      "dhis2_id": "ci6or0Rhep5"
    },
    {
      "area_id": "ben_4_363",
      "name": "Coussi",
      "dhis2_id": "U3LHg4PCrg1"
    },
    {
      "area_id": "ben_4_364",
      "name": "Honvie",
      "dhis2_id": "QphMttTVzju"
    },
    {
      "area_id": "ben_4_365",
      "name": "Manigri",
      "dhis2_id": "giey12SEf5H"
    },
    {
      "area_id": "ben_4_366",
      "name": "L\u00e8ma",
      "dhis2_id": "xYR6xC772dL"
    },
    {
      "area_id": "ben_4_367",
      "name": "Hou\u00e9dogli",
      "dhis2_id": "CQrJrbx0pxW"
    },
    {
      "area_id": "ben_4_368",
      "name": "Zagnanado",
      "dhis2_id": "iLEW5yViBCJ"
    },
    {
      "area_id": "ben_4_369",
      "name": "Houin",
      "dhis2_id": "wUlqpVYKGUj"
    },
    {
      "area_id": "ben_4_370",
      "name": "Libante",
      "dhis2_id": "Pji51LuVjPA"
    },
    {
      "area_id": "ben_4_371",
      "name": "Liboussou",
      "dhis2_id": "E7fqeQeKVUo"
    },
    {
      "area_id": "ben_4_372",
      "name": "Lissazounme",
      "dhis2_id": "Mm0ejdYgTer"
    },
    {
      "area_id": "ben_4_373",
      "name": "Lissegazoun",
      "dhis2_id": "LRiQA6n9EHw"
    },
    {
      "area_id": "ben_4_374",
      "name": "Lissezoun",
      "dhis2_id": "dr20UwwX8mK"
    },
    {
      "area_id": "ben_4_375",
      "name": "Affame",
      "dhis2_id": "YVFhnIIknaS"
    },
    {
      "area_id": "ben_4_376",
      "name": "Lobogo",
      "dhis2_id": "lSzd5AsKFRs"
    },
    {
      "area_id": "ben_4_377",
      "name": "Ze",
      "dhis2_id": "JZfsQc9sLrM"
    },
    {
      "area_id": "ben_4_378",
      "name": "Logozoh\u00e8",
      "dhis2_id": "ehsoBs3Yi9h"
    },
    {
      "area_id": "ben_4_379",
      "name": "Lokogba",
      "dhis2_id": "OS4arszz4y2"
    },
    {
      "area_id": "ben_4_380",
      "name": "Lokogohou\u00e9",
      "dhis2_id": "vhKwkjLAtM6"
    },
    {
      "area_id": "ben_4_381",
      "name": "Houngom\u00e8",
      "dhis2_id": "Smn7cQcsv3d"
    },
    {
      "area_id": "ben_4_382",
      "name": "Lokossa (Ar)",
      "dhis2_id": "mLsp4kLiAjq"
    },
    {
      "area_id": "ben_4_383",
      "name": "Zalli",
      "dhis2_id": "t5QMVQhtRmR"
    },
    {
      "area_id": "ben_4_384",
      "name": "Lon-Agonmey",
      "dhis2_id": "RUfxbGJkJrE"
    },
    {
      "area_id": "ben_4_385",
      "name": "Lonkly",
      "dhis2_id": "gGp0xOA6YZ2"
    },
    {
      "area_id": "ben_4_386",
      "name": "Houinvigue",
      "dhis2_id": "ekB1XZAmdyo"
    },
    {
      "area_id": "ben_4_387",
      "name": "Lougba",
      "dhis2_id": "WSHHtLhXxxC"
    },
    {
      "area_id": "ben_4_388",
      "name": "Houin",
      "dhis2_id": "LrnBcV3yaew"
    },
    {
      "area_id": "ben_4_389",
      "name": "Lougou",
      "dhis2_id": "y70DazE6wgh"
    },
    {
      "area_id": "ben_4_390",
      "name": "Honton",
      "dhis2_id": "Dl1Ttzsl9Sf"
    },
    {
      "area_id": "ben_4_391",
      "name": "Soclogbo",
      "dhis2_id": "pSGANfRkhVG"
    },
    {
      "area_id": "ben_4_392",
      "name": "Zoungame",
      "dhis2_id": "l9jqEKLOsV2"
    },
    {
      "area_id": "ben_4_393",
      "name": "6\u00e8me Arrond Cot",
      "dhis2_id": "xhRf7dPZDAG"
    },
    {
      "area_id": "ben_4_394",
      "name": "7\u00e8me Arrond Cot",
      "dhis2_id": "AktwBReFnsK"
    },
    {
      "area_id": "ben_4_395",
      "name": "8\u00e8me Arrond Cot",
      "dhis2_id": "RZhS08fcc0Q"
    },
    {
      "area_id": "ben_4_396",
      "name": "9\u00e8me Arrond Cot",
      "dhis2_id": "m4GtIAGvHSk"
    },
    {
      "area_id": "ben_4_397",
      "name": "Kouandata",
      "dhis2_id": "KSdNslp5BBx"
    },
    {
      "area_id": "ben_4_398",
      "name": "Kouande (Ar)",
      "dhis2_id": "IbpGgb9gBBr"
    },
    {
      "area_id": "ben_4_399",
      "name": "Komde",
      "dhis2_id": "GpobWM5C800"
    },
    {
      "area_id": "ben_4_400",
      "name": "Zounzounme",
      "dhis2_id": "GVnnr2c6rI0"
    },
    {
      "area_id": "ben_4_401",
      "name": "Kouarfa",
      "dhis2_id": "E5rNiDsxQaw"
    },
    {
      "area_id": "ben_4_402",
      "name": "Kolokond\u00e9",
      "dhis2_id": "ifCiEHN8Dq5"
    },
    {
      "area_id": "ben_4_403",
      "name": "Kokohou\u00e9",
      "dhis2_id": "BGxtVpIGLUV"
    },
    {
      "area_id": "ben_4_404",
      "name": "Koko",
      "dhis2_id": "gRXiy5bZb8H"
    },
    {
      "area_id": "ben_4_405",
      "name": "Kokibourou",
      "dhis2_id": "WAapkGZKFMP"
    },
    {
      "area_id": "ben_4_406",
      "name": "Koudo",
      "dhis2_id": "NvMNmkoK6Rq"
    },
    {
      "area_id": "ben_4_407",
      "name": "Kokey",
      "dhis2_id": "MiCezEvl0eA"
    },
    {
      "area_id": "ben_4_408",
      "name": "Kode",
      "dhis2_id": "ghaeMwbp1Vw"
    },
    {
      "area_id": "ben_4_409",
      "name": "Ko-Koumolou",
      "dhis2_id": "iWkMC1rCzBB"
    },
    {
      "area_id": "ben_4_410",
      "name": "Klou\u00e9kanm\u00e8 (Ar)",
      "dhis2_id": "bf57IiF5bCU"
    },
    {
      "area_id": "ben_4_411",
      "name": "Koundokpoe",
      "dhis2_id": "ufNZcS2l5aC"
    },
    {
      "area_id": "ben_4_412",
      "name": "5\u00e8me Arrond Porto",
      "dhis2_id": "IFwQzr1xVqm"
    },
    {
      "area_id": "ben_4_413",
      "name": "Kountori",
      "dhis2_id": "IIIDsME6DWj"
    },
    {
      "area_id": "ben_4_414",
      "name": "5\u00e8me Arrond Cot",
      "dhis2_id": "NKEfOGk5tW2"
    },
    {
      "area_id": "ben_4_415",
      "name": "4\u00e8me Arrond Cot",
      "dhis2_id": "uMKkgeeSmt1"
    },
    {
      "area_id": "ben_4_416",
      "name": "Koronti\u00e8re",
      "dhis2_id": "Q3hn5erJPJn"
    },
    {
      "area_id": "ben_4_417",
      "name": "Kossoucoingou",
      "dhis2_id": "Y6NI0OyCC9n"
    },
    {
      "area_id": "ben_4_418",
      "name": " Djougou I",
      "dhis2_id": "AKHUgj34AuC"
    },
    {
      "area_id": "ben_4_419",
      "name": "Kotopounga",
      "dhis2_id": "qZl5ajyXJpX"
    },
    {
      "area_id": "ben_4_420",
      "name": "Kouaba",
      "dhis2_id": "KxYks8kSy4m"
    },
    {
      "area_id": "ben_4_421",
      "name": "Kompa",
      "dhis2_id": "nlxZssLkpxi"
    },
    {
      "area_id": "ben_4_422",
      "name": "10\u00e8me Arrond Cot",
      "dhis2_id": "xu9jpGpVx7R"
    },
    {
      "area_id": "ben_4_423",
      "name": "11\u00e8me Arrond Cot",
      "dhis2_id": "iplwOU2ddOc"
    },
    {
      "area_id": "ben_4_424",
      "name": "12\u00e8me Arrond Cot",
      "dhis2_id": "tuHNBtACmWe"
    },
    {
      "area_id": "ben_4_425",
      "name": "13\u00e8me Arrond Cot",
      "dhis2_id": "El2NzUiEKwF"
    },
    {
      "area_id": "ben_4_426",
      "name": "1er Arrond Cot",
      "dhis2_id": "KFCiMvnOUyV"
    },
    {
      "area_id": "ben_4_427",
      "name": "1er Arrond Pkou",
      "dhis2_id": "yuI21a95zMb"
    },
    {
      "area_id": "ben_4_428",
      "name": "1er Arrond Porto",
      "dhis2_id": "nAXq3NOwr2b"
    },
    {
      "area_id": "ben_4_429",
      "name": "2\u00e8me Arrond Cot",
      "dhis2_id": "ykh3q9gKa8J"
    },
    {
      "area_id": "ben_4_430",
      "name": "2\u00e8me Arrond Pkou",
      "dhis2_id": "swkB5tacqPU"
    },
    {
      "area_id": "ben_4_431",
      "name": "2\u00e8me Arrond Porto",
      "dhis2_id": "jaQJioI1mPa"
    },
    {
      "area_id": "ben_4_432",
      "name": "3\u00e8me Arrond Cot",
      "dhis2_id": "OjySYko1jhe"
    },
    {
      "area_id": "ben_4_433",
      "name": "3\u00e8me Arrond Pkou",
      "dhis2_id": "zIGccPmHqwf"
    },
    {
      "area_id": "ben_4_434",
      "name": "3\u00e8me Arrond Porto",
      "dhis2_id": "j6m9064mDQc"
    },
    {
      "area_id": "ben_4_435",
      "name": "4\u00e8me Arrond Porto",
      "dhis2_id": "ppczYiEgQ6g"
    },
    {
      "area_id": "ben_4_436",
      "name": "Adja-Ou\u00e8r\u00e8 (Ar)",
      "dhis2_id": "GDO9NEbeABf"
    },
    {
      "area_id": "ben_4_437",
      "name": "Kissamey",
      "dhis2_id": "z07temySH9b"
    },
    {
      "area_id": "ben_4_438",
      "name": "Kinkinhoue",
      "dhis2_id": "yGLB0gZe9On"
    },
    {
      "area_id": "ben_4_439",
      "name": "Kpataba",
      "dhis2_id": "KuLERX6Nivu"
    },
    {
      "area_id": "ben_4_440",
      "name": "Kalale (Ar)",
      "dhis2_id": "ZFjA2vo6ZSU"
    },
    {
      "area_id": "ben_4_441",
      "name": "Kpebie",
      "dhis2_id": "kTZMgQhIcIu"
    },
    {
      "area_id": "ben_4_442",
      "name": "Kpedekpe",
      "dhis2_id": "BYJ0B0ITzjZ"
    },
    {
      "area_id": "ben_4_443",
      "name": "Kaboua",
      "dhis2_id": "K5ovmKTMhhz"
    },
    {
      "area_id": "ben_4_444",
      "name": "B\u00e9toumey",
      "dhis2_id": "Z6z1U53HBqO"
    },
    {
      "area_id": "ben_4_445",
      "name": "Kpingni",
      "dhis2_id": "cXhDtwR4v3F"
    },
    {
      "area_id": "ben_4_446",
      "name": "Zoungbonou",
      "dhis2_id": "Y09RTAn50ZF"
    },
    {
      "area_id": "ben_4_447",
      "name": "Kpinou",
      "dhis2_id": "UOWmv4qizK3"
    },
    {
      "area_id": "ben_4_448",
      "name": "Adanhondjigon",
      "dhis2_id": "qqjFSdvh1Vj"
    },
    {
      "area_id": "ben_4_449",
      "name": "Kpoba",
      "dhis2_id": "ZFlmAbB5mH3"
    },
    {
      "area_id": "ben_4_450",
      "name": "Ita-Djebou",
      "dhis2_id": "cqGZ9lUfZLe"
    },
    {
      "area_id": "ben_4_451",
      "name": "Issaba",
      "dhis2_id": "HTiE9CEY5zo"
    },
    {
      "area_id": "ben_4_452",
      "name": "Zoungbome",
      "dhis2_id": "LqdpouK0GFI"
    },
    {
      "area_id": "ben_4_453",
      "name": "Kpokissa",
      "dhis2_id": "VOFRfIMWMtT"
    },
    {
      "area_id": "ben_4_454",
      "name": "Adido",
      "dhis2_id": "gxtF9J1ZzZo"
    },
    {
      "area_id": "ben_4_455",
      "name": "So Ava",
      "dhis2_id": "CFkZ0TFkfvd"
    },
    {
      "area_id": "ben_4_456",
      "name": "Adingningon",
      "dhis2_id": "KtYQfbOThev"
    },
    {
      "area_id": "ben_4_457",
      "name": "Brignamaro (Arr)",
      "dhis2_id": "Q4LH4iC92VO"
    },
    {
      "area_id": "ben_4_458",
      "name": "Zoungoudo",
      "dhis2_id": "iqnGegWmSE5"
    },
    {
      "area_id": "ben_4_459",
      "name": "Kinta",
      "dhis2_id": "d5LokGq6zMV"
    },
    {
      "area_id": "ben_4_460",
      "name": "Kandi I",
      "dhis2_id": "POjweecWa5a"
    },
    {
      "area_id": "ben_4_461",
      "name": "Kandi II",
      "dhis2_id": "wAn5IgKYe7R"
    },
    {
      "area_id": "ben_4_462",
      "name": "Koussoukpa",
      "dhis2_id": "WwUzclSRzja"
    },
    {
      "area_id": "ben_4_463",
      "name": "Kilibo",
      "dhis2_id": "b6cF0Eeat2T"
    },
    {
      "area_id": "ben_4_464",
      "name": "Kika",
      "dhis2_id": "yb27eeSpIq9"
    },
    {
      "area_id": "ben_4_465",
      "name": "Kouti",
      "dhis2_id": "OKb7qxIOE1z"
    },
    {
      "area_id": "ben_4_466",
      "name": "Abomey-Calavi (Ar)",
      "dhis2_id": "X4fEclbK795"
    },
    {
      "area_id": "ben_4_467",
      "name": "Kessounou",
      "dhis2_id": "He60OiP59Pa"
    },
    {
      "area_id": "ben_4_468",
      "name": "Kere",
      "dhis2_id": "j21uurjf4BY"
    },
    {
      "area_id": "ben_4_469",
      "name": "Kemon",
      "dhis2_id": "M7x5O2ucQ2m"
    },
    {
      "area_id": "ben_4_470",
      "name": "Katagon",
      "dhis2_id": "FlZysePAld2"
    },
    {
      "area_id": "ben_4_471",
      "name": "Kassakou",
      "dhis2_id": "CUIszGtooyR"
    },
    {
      "area_id": "ben_4_472",
      "name": "Karimama (Ar)",
      "dhis2_id": "ZHI97s83ebt"
    },
    {
      "area_id": "ben_4_473",
      "name": "Kpakpame",
      "dhis2_id": "CphLcj70BwY"
    },
    {
      "area_id": "ben_4_474",
      "name": "Kaobagou",
      "dhis2_id": "y4Q9wG4Ofpy"
    },
    {
      "area_id": "ben_4_475",
      "name": "Kpakpaza",
      "dhis2_id": "vKo7VvlCdOq"
    },
    {
      "area_id": "ben_4_476",
      "name": "Kpane Guea (Ar)",
      "dhis2_id": "BpZ0YCMoW2K"
    },
    {
      "area_id": "ben_4_477",
      "name": "Kpankou",
      "dhis2_id": "u9nZ7UqQQ0z"
    },
    {
      "area_id": "ben_4_478",
      "name": "Zoungue",
      "dhis2_id": "iyHahc3w0Kn"
    },
    {
      "area_id": "ben_4_479",
      "name": "Kpanroun",
      "dhis2_id": "PFvZl0APm7D"
    },
    {
      "area_id": "ben_4_480",
      "name": "Kandi III",
      "dhis2_id": "H9TFYlEd38r"
    },
    {
      "area_id": "ben_4_481",
      "name": "Adakplame",
      "dhis2_id": "nIvWzwpx1j3"
    },
    {
      "area_id": "ben_4_482",
      "name": "Agbangnizoun",
      "dhis2_id": "z26fVOkm9vX"
    },
    {
      "area_id": "ben_4_483",
      "name": "Cobly",
      "dhis2_id": "iat5aSf2FFr"
    },
    {
      "area_id": "ben_4_484",
      "name": "Challa-Ogoi",
      "dhis2_id": "kMm449WWpId"
    },
    {
      "area_id": "ben_4_485",
      "name": "Gounli",
      "dhis2_id": "SmGabduxa1m"
    },
    {
      "area_id": "ben_4_486",
      "name": "Missinko",
      "dhis2_id": "NiMn7vAtkt2"
    },
    {
      "area_id": "ben_4_487",
      "name": "Agonkanmey",
      "dhis2_id": "JIm1pikSR7L"
    },
    {
      "area_id": "ben_4_488",
      "name": "Manta",
      "dhis2_id": "acP13Jd5YR6"
    },
    {
      "area_id": "ben_4_489",
      "name": "Bouca (Ar)",
      "dhis2_id": "dv6xa8F0xcx"
    },
    {
      "area_id": "ben_4_490",
      "name": "Grand-Popo (Ar)",
      "dhis2_id": "NZA3EzYTWA8"
    },
    {
      "area_id": "ben_4_491",
      "name": "Sori",
      "dhis2_id": "ELLcbuWMr0Q"
    },
    {
      "area_id": "ben_4_492",
      "name": "Guene",
      "dhis2_id": "C0ixXCr5NVT"
    },
    {
      "area_id": "ben_4_493",
      "name": "Hevie",
      "dhis2_id": "fOxFKWoNBX6"
    },
    {
      "area_id": "ben_4_494",
      "name": "Agblagandan",
      "dhis2_id": "rmgZ0jBZEpQ"
    },
    {
      "area_id": "ben_4_495",
      "name": "Agongointo",
      "dhis2_id": "BjNonVeN0p7"
    },
    {
      "area_id": "ben_4_496",
      "name": "Sontou",
      "dhis2_id": "mTQYMB6NQwE"
    },
    {
      "area_id": "ben_4_497",
      "name": "Sokotindji",
      "dhis2_id": "NckjHZhS53O"
    },
    {
      "area_id": "ben_4_498",
      "name": "Bouanri",
      "dhis2_id": "oFe8M5zkl3R"
    },
    {
      "area_id": "ben_4_499",
      "name": "Agbokpa",
      "dhis2_id": "A12wPTEQoSp"
    },
    {
      "area_id": "ben_4_500",
      "name": "Sonsoro",
      "dhis2_id": "xDLft7uV5I1"
    },
    {
      "area_id": "ben_4_501",
      "name": "Chabi-Couma",
      "dhis2_id": "kmBRk27aXq9"
    },
    {
      "area_id": "ben_4_502",
      "name": "Soli",
      "dhis2_id": "DZ0riTeeDcF"
    },
    {
      "area_id": "ben_4_503",
      "name": "Sokponta",
      "dhis2_id": "IiqOzsf2p0t"
    },
    {
      "area_id": "ben_4_504",
      "name": "Yegodo\u00e9",
      "dhis2_id": "Ryt5T9lRZ7P"
    },
    {
      "area_id": "ben_4_505",
      "name": "Agbodji",
      "dhis2_id": "SmFk4Ni2OtJ"
    },
    {
      "area_id": "ben_4_506",
      "name": "Guinagourou",
      "dhis2_id": "NxMuvUuintr"
    },
    {
      "area_id": "ben_4_507",
      "name": "Bohicon II",
      "dhis2_id": "yEzYAS8jpF2"
    },
    {
      "area_id": "ben_4_508",
      "name": "Cr Aglogbe",
      "dhis2_id": "VavKGCInOtX"
    },
    {
      "area_id": "ben_4_509",
      "name": "Agondji",
      "dhis2_id": "pdE59rxf84u"
    },
    {
      "area_id": "ben_4_510",
      "name": "Guilmaro",
      "dhis2_id": "KiH4b8LNCPN"
    },
    {
      "area_id": "ben_4_511",
      "name": "Boni",
      "dhis2_id": "LUPbsymlhs0"
    },
    {
      "area_id": "ben_4_512",
      "name": "Bogo-Bogo",
      "dhis2_id": "FKmvlufHPki"
    },
    {
      "area_id": "ben_4_513",
      "name": "Sokouhou\u00e9",
      "dhis2_id": "B0upGT6nKrc"
    },
    {
      "area_id": "ben_4_514",
      "name": "Bonou (Ar)",
      "dhis2_id": "b8HTorETsfu"
    },
    {
      "area_id": "ben_4_515",
      "name": "Somperekou",
      "dhis2_id": "w3Rup45IzJX"
    },
    {
      "area_id": "ben_4_516",
      "name": "Bohicon I",
      "dhis2_id": "aU9hFsDIudN"
    },
    {
      "area_id": "ben_4_517",
      "name": "Agonli-Houegbo",
      "dhis2_id": "eegqPbJbj0L"
    },
    {
      "area_id": "ben_4_518",
      "name": "Bori",
      "dhis2_id": "O1En5k6jr1z"
    },
    {
      "area_id": "ben_4_519",
      "name": "Gounarou",
      "dhis2_id": "zfZHYgfAJtM"
    },
    {
      "area_id": "ben_4_520",
      "name": "Agbanou",
      "dhis2_id": "Ba9NEtMAQR0"
    },
    {
      "area_id": "ben_4_521",
      "name": "Gome-Sota",
      "dhis2_id": "DCu2z4QzJQz"
    },
    {
      "area_id": "ben_4_522",
      "name": "Gomparou",
      "dhis2_id": "RDlXiEIpye8"
    },
    {
      "area_id": "ben_4_523",
      "name": "Honhou\u00e9",
      "dhis2_id": "HinpzV7gfGU"
    },
    {
      "area_id": "ben_4_524",
      "name": "Hondjin",
      "dhis2_id": "MwTzV0U7gnh"
    },
    {
      "area_id": "ben_4_525",
      "name": "Masse",
      "dhis2_id": "me8s3HHY3UF"
    },
    {
      "area_id": "ben_4_526",
      "name": "Bopa (Ar)",
      "dhis2_id": "LcPwGamdJ4f"
    },
    {
      "area_id": "ben_4_527",
      "name": "N'Dali (Ar)",
      "dhis2_id": "ibC6mevH8e9"
    },
    {
      "area_id": "ben_4_528",
      "name": "Agbanto",
      "dhis2_id": "J21IkV5KyBO"
    },
    {
      "area_id": "ben_4_529",
      "name": "N'Dahonta",
      "dhis2_id": "FzRwXIH7KOC"
    },
    {
      "area_id": "ben_4_530",
      "name": "Goro",
      "dhis2_id": "Cf9Jya3UDNL"
    },
    {
      "area_id": "ben_4_531",
      "name": "Yokpo",
      "dhis2_id": "f8QVwd97CfW"
    },
    {
      "area_id": "ben_4_532",
      "name": "Mat\u00e9ri (Ar)",
      "dhis2_id": "WDIPDKqCF90"
    },
    {
      "area_id": "ben_4_533",
      "name": "Hlassam\u00e8",
      "dhis2_id": "XWZL7Vtw8RM"
    },
    {
      "area_id": "ben_4_534",
      "name": "Mougnon",
      "dhis2_id": "a7EjODI8buB"
    },
    {
      "area_id": "ben_4_535",
      "name": "Massi",
      "dhis2_id": "JO0fwUnjPWW"
    },
    {
      "area_id": "ben_4_536",
      "name": "Monsourou",
      "dhis2_id": "YF6yNS4weUT"
    },
    {
      "area_id": "ben_4_537",
      "name": "Gouka",
      "dhis2_id": "kAKlzRHRNM1"
    },
    {
      "area_id": "ben_4_538",
      "name": "Hinvi",
      "dhis2_id": "BBXzFKomA7g"
    },
    {
      "area_id": "ben_4_539",
      "name": "Gouande",
      "dhis2_id": "WqlOOo7OPYt"
    },
    {
      "area_id": "ben_4_540",
      "name": "Monkpa",
      "dhis2_id": "USSZbWNMW4B"
    },
    {
      "area_id": "ben_4_541",
      "name": "Yoko",
      "dhis2_id": "KNTeEgIqZ0m"
    },
    {
      "area_id": "ben_4_542",
      "name": "Goumori",
      "dhis2_id": "YTn2wva3dRS"
    },
    {
      "area_id": "ben_4_543",
      "name": "Mededjonou",
      "dhis2_id": "k3ue3Uyed5E"
    },
    {
      "area_id": "ben_4_544",
      "name": "Monsey",
      "dhis2_id": "oY4Xw0396Fd"
    }
  ]
}