area_id,map_level,map_name,map_id,map_source
TZA,0,MOH - Tanzania,m0frOspS7JY,DHIS2
TZA_2_01,1,Dodoma Region,Cpd5l15XxwA,DHIS2
TZA_2_02,1,Arusha Region,YtVMnut7Foe,DHIS2
TZA_2_03,1,Kilimanjaro Region,lnOyHhoLzre,DHIS2
TZA_2_04,1,Tanga Region,vU0Qt1A5IDz,DHIS2
TZA_2_05,1,Morogoro Region,Sj50oz9EHvD,DHIS2
TZA_2_06,1,Pwani Region,yyW17iCz9As,DHIS2
TZA_2_07,1,Dar Es Salaam Region,acZHYslyJLt,DHIS2
TZA_2_08,1,Lindi Region,VMgrQWSVIYn,DHIS2
TZA_2_09,1,Mtwara Region,bN5q5k5DgLA,DHIS2
TZA_2_10,1,Ruvuma Region,ZYYX8Q9SGoV,DHIS2
TZA_2_11,1,Iringa Region,sWOWPBvwNY2,DHIS2
TZA_2_12,1,Mbeya Region,A3b5mw8DJYC,DHIS2
TZA_2_13,1,Singida Region,LGTVRhKSn1V,DHIS2
TZA_2_14,1,Tabora Region,kZ6RlMnt2bp,DHIS2
TZA_2_15,1,Rukwa Region,vAtZ8a924Lx,DHIS2
TZA_2_16,1,Kigoma Region,RD96nI1JXVV,DHIS2
TZA_2_17,1,Shinyanga Region,EO3Ps3ny0Nr,DHIS2
TZA_2_18,1,Kagera Region,Crkg9BoUo5w,DHIS2
TZA_2_19,1,Mwanza Region,hAFRrgDK0fy,DHIS2
TZA_2_20,1,Mara Region,vYT08q7Wo33,DHIS2
TZA_2_21,1,Manyara Region,qg5ySBw9X5l,DHIS2
TZA_2_22,1,Njombe Region,qarQhOt2OEh,DHIS2
TZA_2_23,1,Katavi Region,DWSo42hunXH,DHIS2
TZA_2_24,1,Simiyu Region,IgTAEKMqKRe,DHIS2
TZA_2_25,1,Geita Region,MAL4cfZoFhJ,DHIS2
TZA_2_26,1,Songwe Region,Rg0jCRi9297,DHIS2
TZA_2_51,NA,NA,NA,NA
TZA_2_52,NA,NA,NA,NA
TZA_2_53,NA,NA,NA,NA
TZA_2_54,NA,NA,NA,NA
TZA_2_55,NA,NA,NA,NA
TZA_3_1,2,Bahi District Council,Ak1TMj0oYc7,DHIS2
TZA_3_2,2,Chamwino District Council,yiR1QdOwPqP,DHIS2
TZA_3_3,2,Chemba District Council,Fez1Dp8bXSk,DHIS2
TZA_3_4,2,Dodoma Municipal Council,OzGGHqXQn5p,DHIS2
TZA_3_5,2,Kondoa District Council,yTTjcYh4xqa,DHIS2
TZA_3_6,2,Kondoa Town Council,tn4J9iYIv7I,DHIS2
TZA_3_7,2,Kongwa District Council,DTc1rxSmlde,DHIS2
TZA_3_8,2,Mpwapwa District Council,P5H056daq2I,DHIS2
TZA_3_9,2,Arusha City Council,lgZ6HfZaj3f,DHIS2
TZA_3_10,2,Arusha District Council,zHa2ohFrpPM,DHIS2
TZA_3_11,2,Karatu District Council,QKEr8DFutO8,DHIS2
TZA_3_12,2,Longido District Council,aQEZnk4RzKv,DHIS2
TZA_3_13,2,Meru District Council,uafqZbOYpVL,DHIS2
TZA_3_14,2,Monduli District Council,D21VsjNL2LB,DHIS2
TZA_3_15,2,Ngorongoro District Council,PHWaJvzTmL8,DHIS2
TZA_3_16,2,Hai District Council,MiLb81EwC7j,DHIS2
TZA_3_17,2,Moshi District Council,VMTJLxcFH9o,DHIS2
TZA_3_18,2,Moshi Municipal Council,Y8sOGpb4AFE,DHIS2
TZA_3_19,2,Mwanga District Council,OHu1VHzyA0x,DHIS2
TZA_3_20,2,Rombo District Council,Hob4dzCAW2W,DHIS2
TZA_3_21,2,Same District Council,WCTbfnMiNF3,DHIS2
TZA_3_22,2,Siha District Council,aMnC7MINXlM,DHIS2
TZA_3_23,2,Bumbuli District Council,gu92DYtO3ii,DHIS2
TZA_3_24,2,Handeni District Council,DkxlFk8MuM7,DHIS2
TZA_3_25,2,Handeni Town Council,HeESSqNok0X,DHIS2
TZA_3_26,2,Kilindi District Council,mKI72g04l0D,DHIS2
TZA_3_27,2,Korogwe District Council,QBC1po2JaJW,DHIS2
TZA_3_28,2,Korogwe Town Council,qHJkyM0bG8U,DHIS2
TZA_3_29,2,Lushoto District Council,ilY7TEjviqa,DHIS2
TZA_3_30,2,Mkinga District Council,B9idcF4fOIW,DHIS2
TZA_3_31,2,Muheza District Council,H2LvCkw2bCO,DHIS2
TZA_3_32,2,Pangani District Council,rQS2cX4JH88,DHIS2
TZA_3_33,2,Tanga City Council,ySuyuvNNFp8,DHIS2
TZA_3_34,2,Gairo District Council,yh0b4OAgg8z,DHIS2
TZA_3_35,2,Ifakara Town Council,GFMMtqCiaUG,DHIS2
TZA_3_36,2,Kilombero District Council,oMao5qA3DBy,DHIS2
TZA_3_37,2,Kilosa District Council,GbVBjR8A7aK,DHIS2
TZA_3_38,2,Malinyi District Council,TDqOYlV0O1a,DHIS2
TZA_3_39,2,Morogoro District Council,G2obPNftMUt,DHIS2
TZA_3_40,2,Morogoro Municipal Council,nUFAmN93pH4,DHIS2
TZA_3_41,2,Mvomero District Council,BVBmQDCexxG,DHIS2
TZA_3_42,2,Ulanga District Council,Le7ysFRJrMk,DHIS2
TZA_3_43,2,Bagamoyo District Council,uPphu8kRXoZ,DHIS2
TZA_3_44,2,Chalinze District Council,cMHodEm1Bpd,DHIS2
TZA_3_45,2,Kibaha District Council,N8oGVhuoUcK,DHIS2
TZA_3_46,2,Kibaha Town Council,QekURU8eIU0,DHIS2
TZA_3_47,2,Kibiti District Council,Tp2jluoQwvA,DHIS2
TZA_3_48,2,Kisarawe District Council,SnczTnCrk6d,DHIS2
TZA_3_49,2,Mafia District Council,GI57B0uNPOX,DHIS2
TZA_3_50,2,Mkuranga District Council,Srvx9L1LGZM,DHIS2
TZA_3_51,2,Rufiji District Council,gncV3iPt6Sk,DHIS2
TZA_3_52,2,Ilala Municipal Council,xe93MrFXOYV,DHIS2
TZA_3_53,2,Kigamboni Municipal Council,TNttitmiKti,DHIS2
TZA_3_54,2,Kinondoni Municipal Council,ts6eEeUjcfO,DHIS2
TZA_3_55,2,Temeke Municipal Council,HIOQoi1aeL8,DHIS2
TZA_3_56,2,Ubungo Municipal Council,DvHoBaCDtec,DHIS2
TZA_3_57,2,Kilwa District Council,dGtH1WiNUrP,DHIS2
TZA_3_58,2,Lindi District Council,sjKfO239rjD,DHIS2
TZA_3_59,2,Lindi Municipal Council,aiZstwpkrny,DHIS2
TZA_3_60,2,Liwale District Council,ZszYGa2Vnyc,DHIS2
TZA_3_61,2,Nachingwea District Council,W884lMlfpca,DHIS2
TZA_3_62,2,Ruangwa District Council,OOplITY83ud,DHIS2
TZA_3_63,2,Masasi District Council,rrHtwyYjprs,DHIS2
TZA_3_64,2,Masasi Town Council,tLzrq5IZ23W,DHIS2
TZA_3_65,2,Mtwara District Council,xOJxkz079Ek,DHIS2
TZA_3_66,2,Mtwara Municipal Council,PHGm198Hcil,DHIS2
TZA_3_67,2,Nanyamba Town Council,QRjyrYOr2vh,DHIS2
TZA_3_68,2,Nanyumbu District Council,PvqxGEssig9,DHIS2
TZA_3_69,2,Newala District Council,IYqT1Xik8Bj,DHIS2
TZA_3_70,2,Newala Town Council,tCJrHeEyDkg,DHIS2
TZA_3_71,2,Tandahimba District Council,gOcZSwBmijY,DHIS2
TZA_3_72,2,Madaba District Council,KEsG36c8lDx,DHIS2
TZA_3_73,2,Mbinga District Council,WB7EAwS3F8N,DHIS2
TZA_3_74,2,Mbinga Town Council,lUB72k7eAQ3,DHIS2
TZA_3_75,2,Namtumbo District Council,XL0luikY9oG,DHIS2
TZA_3_76,2,Nyasa District Council,TO89Eu9qoSX,DHIS2
TZA_3_77,2,Songea District Council,LbM25p7KBDP,DHIS2
TZA_3_78,2,Songea Municipal Council,VdIZ0pAYfBK,DHIS2
TZA_3_79,2,Tunduru District Council,r9NgS2Jsu9I,DHIS2
TZA_3_80,2,Iringa District Council,tcZz4Bh4mqc,DHIS2
TZA_3_81,2,Iringa Municipal Council,vo788oc0NEn,DHIS2
TZA_3_82,2,Kilolo District Council,xBWOfftpkLT,DHIS2
TZA_3_83,2,Mafinga Town Council,chzBato6xed,DHIS2
TZA_3_84,2,Mufindi District Council,ppnbxB0TxjG,DHIS2
TZA_3_85,2,Busokelo District Council,xVzeWrXHf81,DHIS2
TZA_3_86,2,Chunya District Council,L9scGbK6d61,DHIS2
TZA_3_87,2,Kyela District Council,dWfRpHKykpk,DHIS2
TZA_3_88,2,Mbarali District Council,AvfNRAIsvhg,DHIS2
TZA_3_89,2,Mbeya City Council,e3ATlebHNrD,DHIS2
TZA_3_90,2,Mbeya District Council,N5FKtARi6dB,DHIS2
TZA_3_91,2,Rungwe District Council,dPzNEI2Cxqj,DHIS2
TZA_3_92,2,Ikungi District Council,dFCrIa5paz7,DHIS2
TZA_3_93,2,Iramba District Council,tNFOa31xGhu,DHIS2
TZA_3_94,2,Itigi District Council,OwqGTochnjW,DHIS2
TZA_3_95,2,Manyoni District Council,uHp3aLKA6Tn,DHIS2
TZA_3_96,2,Mkalama District Council,Qyg5jjxGeQD,DHIS2
TZA_3_97,2,Singida District Council,RHLUbsrsFoE,DHIS2
TZA_3_98,2,Singida Municipal Council,V60DkMrlQ5Q,DHIS2
TZA_3_99,2,Igunga District Council,fogigwn9cW7,DHIS2
TZA_3_100,2,Kaliua District Council,PEIzWSzWQ7S,DHIS2
TZA_3_101,2,Nzega District Council,WAwWjYYzdkS,DHIS2
TZA_3_102,2,Nzega Town Council,uvsgHtPzLSo,DHIS2
TZA_3_103,2,Sikonge District Council,mOqc3ajETpA,DHIS2
TZA_3_104,2,Tabora Municipal Council,Nc1C12TG69d,DHIS2
TZA_3_105,2,Urambo District Council,K8HUKJUZ7aj,DHIS2
TZA_3_106,2,Uyui District Council,m2ux1UEElNB,DHIS2
TZA_3_107,2,Kalambo District Council,QeMjl7Ld0Vj,DHIS2
TZA_3_108,2,Nkasi District Council,iEIdCVxSJct,DHIS2
TZA_3_109,2,Sumbawanga District Council,cb9rqgLXFeh,DHIS2
TZA_3_110,2,Sumbawanga Municipal Council,cZMveFzVrXh,DHIS2
TZA_3_111,2,Buhigwe District Council,yPCs2xE66we,DHIS2
TZA_3_112,2,Kakonko District Council,T3A9X81ABG3,DHIS2
TZA_3_113,2,Kasulu District Council,zfwo4rq1XC3,DHIS2
TZA_3_114,2,Kasulu Town Council,IfQ2Sjbfdme,DHIS2
TZA_3_115,2,Kibondo District Council,duES2Gfgvpw,DHIS2
TZA_3_116,2,Kigoma District Council,lQOxGNRaklm,DHIS2
TZA_3_117,2,Kigoma Municipal Council,dIiTyLaZAEb,DHIS2
TZA_3_118,2,Uvinza District Council,dt0Q0NhyPty,DHIS2
TZA_3_119,2,Kahama Town Council,AiyppObGUqI,DHIS2
TZA_3_120,2,Kishapu District Council,kISvf8gGZMm,DHIS2
TZA_3_121,2,Msalala District Council,vQvBfxn7Cjs,DHIS2
TZA_3_122,2,Shinyanga District Council,FylvwNXCTAQ,DHIS2
TZA_3_123,2,Shinyanga Municipal Council,PF4defRibDi,DHIS2
TZA_3_124,2,Ushetu District Council,WgQHWeMx6Zl,DHIS2
TZA_3_125,2,Biharamulo District Council,yz7jPBCDXlX,DHIS2
TZA_3_126,2,Bukoba District Council,LoPF5WqswyW,DHIS2
TZA_3_127,2,Bukoba Municipal Council,PM74xoecSpJ,DHIS2
TZA_3_128,2,Karagwe District Council,YFPElmUhUok,DHIS2
TZA_3_129,2,Kyerwa District Council,LdzOZ9hNTwH,DHIS2
TZA_3_130,2,Missenyi District Council,F8NIzb16wVU,DHIS2
TZA_3_131,2,Muleba District Council,wIjscdPZF3N,DHIS2
TZA_3_132,2,Ngara District Council,XLrownkhsKI,DHIS2
TZA_3_133,2,Buchosa District Council,tq4bMQkHDbC,DHIS2
TZA_3_134,2,Ilemela Municipal Council,et6lWc8GDHy,DHIS2
TZA_3_135,2,Kwimba District Council,O8O3HQdJWHX,DHIS2
TZA_3_136,2,Magu District Council,Kug5uWxs0mu,DHIS2
TZA_3_137,2,Misungwi District Council,jAI2fd8kK1z,DHIS2
TZA_3_138,2,Nyamagana Municipal Council,f7UPzYMgzVH,DHIS2
TZA_3_139,2,Sengerema District Council,IGSrsG5I54W,DHIS2
TZA_3_140,2,Ukerewe District Council,QE0OH5162nV,DHIS2
TZA_3_141,2,Bunda District Council,ouZ5YpZ4T3a,DHIS2
TZA_3_142,2,Bunda Town Council,SoXc0vm0JrY,DHIS2
TZA_3_143,2,Butiama District Council,btLScg6XCBN,DHIS2
TZA_3_144,2,Musoma District Council,z4dfv9EOq3c,DHIS2
TZA_3_145,2,Musoma Municipal Council,bKA4yc2NUxA,DHIS2
TZA_3_146,2,Rorya District Council,bRz3nu8rSWS,DHIS2
TZA_3_147,2,Serengeti District Council,X5MzEu84hUN,DHIS2
TZA_3_148,2,Tarime District Council,NzVLQOcSJJU,DHIS2
TZA_3_149,2,Tarime Town Council,Qp6ocX9ESSa,DHIS2
TZA_3_150,2,Babati District Council,L5AfyN2zxns,DHIS2
TZA_3_151,2,Babati Town Council,cnsiTXSJqqF,DHIS2
TZA_3_152,2,Hanang District Council,xRx7W86ElUH,DHIS2
TZA_3_153,2,Kiteto District Council,P1TuGaaZ981,DHIS2
TZA_3_154,2,Mbulu District Council,C96DDKK03pu,DHIS2
TZA_3_155,2,Mbulu Town Council,k4ijpiPRc3R,DHIS2
TZA_3_156,2,Simanjiro District Council,A54bflEH57w,DHIS2
TZA_3_157,2,Ludewa District Council,aa5sxEFiAwN,DHIS2
TZA_3_158,2,Makambako Town Council,cirtJ7KuNU0,DHIS2
TZA_3_159,2,Makete District Council,NzvekEmEzUG,DHIS2
TZA_3_160,2,Njombe District Council,GOmwoDIGL98,DHIS2
TZA_3_161,2,Njombe Town Council,QUTWca9YxNb,DHIS2
TZA_3_162,2,Wanging'ombe District Council,m4ow47nd3DC,DHIS2
TZA_3_163,2,Mlele District Council,cjlkhW8VMDO,DHIS2
TZA_3_164,2,Mpanda District Council,aVLidCZ2RYk,DHIS2
TZA_3_165,2,Mpanda Municipal Council,jupsOTyKi1W,DHIS2
TZA_3_166,2,Mpimbwe District Council,NCnwqVfx8j4,DHIS2
TZA_3_167,2,Nsimbo District Council,PKl52zU7vuH,DHIS2
TZA_3_168,2,Bariadi District Council,Q16E1rzDnVD,DHIS2
TZA_3_169,2,Bariadi Town Council,Yb483pDzzWj,DHIS2
TZA_3_170,2,Busega District Council,I58Bh8dN2sO,DHIS2
TZA_3_171,2,Itilima District Council,bDteRg6tH0A,DHIS2
TZA_3_172,2,Maswa District Council,mbXn83McbCh,DHIS2
TZA_3_173,2,Meatu District Council,vJY7WRfb5Hc,DHIS2
TZA_3_174,2,Bukombe District Council,plSLZJGUHZb,DHIS2
TZA_3_175,2,Chato District Council,IZAkMaffRh8,DHIS2
TZA_3_176,2,Geita District Council,saOGTLvMX4F,DHIS2
TZA_3_177,2,Geita Town council,fSZfOuCkmAb,DHIS2
TZA_3_178,2,Mbogwe District Council,RCDM6DotMZw,DHIS2
TZA_3_179,2,Nyang'hwale District Council,G9VxK1Dmkpc,DHIS2
TZA_3_180,2,Ileje District Council,wsCWwNbLJNY,DHIS2
TZA_3_181,2,Mbozi District Council,aouUIozrc7I,DHIS2
TZA_3_182,2,Momba District Council,d07Wtk7brGz,DHIS2
TZA_3_183,2,Songwe District Council,YUUmbtHrmco,DHIS2
TZA_3_184,2,Tunduma Town Council,fqlNpTvqMw4,DHIS2
TZA_3_185,NA,NA,NA,NA
TZA_3_186,NA,NA,NA,NA
TZA_3_187,NA,NA,NA,NA
TZA_3_188,NA,NA,NA,NA
TZA_3_189,NA,NA,NA,NA
TZA_3_190,NA,NA,NA,NA
TZA_3_191,NA,NA,NA,NA
TZA_3_192,NA,NA,NA,NA
TZA_3_193,NA,NA,NA,NA
TZA_3_194,NA,NA,NA,NA
TZA_3_195,NA,NA,NA,NA
